timestamp,ec_ms_cm,ph,humidity_pct,air_temp_c,light_lux
2026-03-01 17:56:21,1.621,6.5,59.5,26.31,709
2026-03-01 17:56:28,1.535,6.48,59.5,26.16,738
2026-03-01 17:56:35,1.668,6.49,61.1,26.46,722
2026-03-01 17:56:42,1.689,6.52,61.1,25.57,797
2026-03-01 17:56:49,1.495,6.5,59.4,25.87,775
2026-03-01 17:56:56,1.548,6.5,62.7,25.81,721
2026-03-01 17:57:03,1.656,6.51,61.5,25.41,727
2026-03-01 17:57:10,1.632,6.48,60.6,26.16,760
2026-03-01 17:57:17,1.661,6.51,63.6,25.81,721
2026-03-01 17:57:24,1.61,6.5,63.2,26.05,797
2026-03-01 17:57:31,1.739,6.45,61.2,26.44,775
2026-03-01 17:57:38,1.739,6.53,65.0,25.75,778
2026-03-01 17:57:45,1.697,6.47,63.9,25.71,799
2026-03-01 17:57:52,1.779,6.44,63.4,25.84,842
2026-03-01 17:57:59,1.74,6.45,65.5,26.04,793
2026-03-01 17:58:06,1.654,6.45,64.0,25.64,790
2026-03-01 17:58:13,1.747,6.49,64.0,25.61,853
2026-03-01 17:58:20,1.661,6.48,63.5,26.02,840
2026-03-01 17:58:27,1.797,6.47,65.1,25.84,801
2026-03-01 17:58:34,1.738,6.5,65.2,25.22,818
2026-03-01 17:58:41,1.735,6.49,64.8,25.42,831
2026-03-01 17:58:48,1.707,6.49,64.0,26.09,843
2026-03-01 17:58:55,1.847,6.49,65.3,25.81,789
2026-03-01 17:59:02,1.757,6.5,65.2,25.51,789
2026-03-01 17:59:09,1.744,6.41,63.8,25.65,817
2026-03-01 17:59:16,1.755,6.47,63.8,25.69,821
2026-03-01 17:59:23,1.823,6.41,66.3,25.86,838
2026-03-01 17:59:30,1.817,6.48,62.6,25.33,889
2026-03-01 17:59:37,1.826,6.48,66.1,25.46,866
2026-03-01 17:59:44,1.832,6.51,65.3,25.73,885
2026-03-01 17:59:51,1.957,6.51,67.6,25.63,841
2026-03-01 17:59:58,1.784,6.48,65.5,25.8,874
2026-03-01 18:00:05,1.781,6.46,66.9,25.35,916
2026-03-01 18:00:12,1.765,6.49,65.7,25.74,922
2026-03-01 18:00:19,1.869,6.46,66.3,25.92,882
2026-03-01 18:00:26,1.91,6.47,67.1,25.77,919
2026-03-01 18:00:33,1.827,6.5,65.6,25.69,996
2026-03-01 18:00:40,1.78,6.46,67.4,25.63,924
2026-03-01 18:00:47,1.785,6.5,65.0,25.45,906
2026-03-01 18:00:54,1.892,6.49,66.5,25.64,929
2026-03-01 18:01:01,1.901,6.44,67.2,25.98,944
2026-03-01 18:01:08,1.891,6.5,66.8,25.64,941
2026-03-01 18:01:15,1.809,6.49,68.3,25.46,951
2026-03-01 18:01:22,1.875,6.48,65.0,25.56,907
2026-03-01 18:01:29,1.869,6.45,64.2,25.75,929
2026-03-01 18:01:36,1.879,6.45,64.6,25.61,963
2026-03-01 18:01:43,1.927,6.46,66.5,25.84,967
2026-03-01 18:01:50,1.883,6.49,66.2,25.86,959
2026-03-01 18:01:57,1.917,6.44,65.6,25.96,977
2026-03-01 18:02:04,1.876,6.49,64.0,26.11,991
2026-03-01 18:02:11,1.893,6.44,66.2,26.01,1025
2026-03-01 18:02:18,1.918,6.47,63.7,25.55,995
2026-03-01 18:02:25,1.773,6.48,66.4,25.57,1018
2026-03-01 18:02:32,1.854,6.55,68.3,25.79,990
2026-03-01 18:02:39,1.844,6.43,65.2,25.72,1034
2026-03-01 18:02:46,1.832,6.52,65.3,25.57,1032
2026-03-01 18:02:53,1.858,6.48,63.9,25.76,1054
2026-03-01 18:03:00,1.982,6.49,62.1,25.77,1053
2026-03-01 18:03:07,1.817,6.48,63.4,25.74,1054
2026-03-01 18:03:14,1.945,6.49,62.7,25.85,1034
2026-03-01 18:03:21,1.759,6.48,62.1,26.25,1051
2026-03-01 18:03:28,1.853,6.53,65.8,26.03,1084
2026-03-01 18:03:35,1.887,6.47,63.9,26.62,1029
2026-03-01 18:03:42,1.916,6.52,63.9,26.07,1034
2026-03-01 18:03:49,1.923,6.47,62.9,25.99,1067
2026-03-01 18:03:56,1.928,6.48,62.9,26.09,1079
2026-03-01 18:04:03,1.846,6.46,64.1,26.18,1040
2026-03-01 18:04:10,1.837,6.5,62.8,26.25,1070
2026-03-01 18:04:17,1.928,6.53,63.3,26.69,1074
2026-03-01 18:04:24,1.852,6.49,62.3,25.99,1004
2026-03-01 18:04:31,1.774,6.49,62.0,26.45,1078
2026-03-01 18:04:38,1.782,6.46,60.6,26.32,1084
2026-03-01 18:04:45,1.795,6.49,59.8,25.91,1088
2026-03-01 18:04:52,1.892,6.45,61.8,26.53,1147
2026-03-01 18:04:59,1.864,6.47,62.0,26.69,1058
2026-03-01 18:05:06,1.9,6.51,60.3,26.19,1076
2026-03-01 18:05:13,1.819,6.54,61.7,26.44,1017
2026-03-01 18:05:20,1.857,6.59,61.8,26.04,1095
2026-03-01 18:05:27,1.887,6.49,59.0,26.2,1101
2026-03-01 18:05:34,1.819,6.55,60.5,26.81,1101
2026-03-01 18:05:41,1.869,6.52,62.0,26.47,1161
2026-03-01 18:05:48,1.788,6.51,61.9,26.35,1156
2026-03-01 18:05:55,1.805,6.53,60.0,26.72,1131
2026-03-01 18:06:02,1.801,6.52,61.6,26.57,1119
2026-03-01 18:06:09,1.74,6.52,62.6,26.63,1171
2026-03-01 18:06:16,1.854,6.51,62.3,26.97,1137
2026-03-01 18:06:23,1.784,6.48,61.3,26.53,1113
2026-03-01 18:06:30,1.814,6.48,60.8,26.64,1084
2026-03-01 18:06:37,1.843,6.55,60.6,26.95,1131
2026-03-01 18:06:44,1.837,6.52,62.0,27.19,1176
2026-03-01 18:06:51,1.849,6.51,61.7,27.3,1200
2026-03-01 18:06:58,1.792,6.53,62.3,26.87,1157
2026-03-01 18:07:05,1.765,6.56,61.8,27.31,1131
2026-03-01 18:07:12,1.786,6.54,62.7,26.92,1119
2026-03-01 18:07:19,1.669,6.52,61.9,27.62,1182
2026-03-01 18:07:26,1.682,6.58,62.8,26.92,1103
2026-03-01 18:07:33,1.687,6.59,63.0,27.58,1186
2026-03-01 18:07:40,1.706,6.56,61.1,27.12,1198
2026-03-01 18:07:47,1.8,6.58,60.0,27.83,1187
2026-03-01 18:07:54,1.705,6.59,64.2,27.52,1166
2026-03-01 18:08:01,1.739,6.59,62.8,27.16,1195
2026-03-01 18:08:08,1.853,6.58,60.6,27.33,1183
2026-03-01 18:08:15,1.733,6.58,61.9,27.69,1152
2026-03-01 18:08:22,1.806,6.58,63.9,27.8,1200
2026-03-01 18:08:29,1.686,6.53,62.8,27.57,1170
2026-03-01 18:08:36,1.733,6.59,62.7,27.64,1200
2026-03-01 18:08:43,1.678,6.53,65.2,27.86,1101
2026-03-01 18:08:50,1.717,6.55,62.5,27.74,1200
2026-03-01 18:08:57,1.797,6.62,63.0,27.43,1200
2026-03-01 18:09:04,1.614,6.61,64.4,27.59,1191
2026-03-01 18:09:11,1.762,6.63,64.8,27.89,1200
2026-03-01 18:09:18,1.746,6.58,65.2,28.17,1200
2026-03-01 18:09:25,1.685,6.55,65.9,28.31,1171
2026-03-01 18:09:32,1.622,6.58,65.3,28.14,1200
2026-03-01 18:09:39,1.726,6.6,65.9,28.06,1167
2026-03-01 18:09:46,1.681,6.6,65.2,28.21,1175
2026-03-01 18:09:53,1.732,6.63,65.9,27.9,1200
2026-03-01 18:10:00,1.715,6.59,66.1,28.06,1200
2026-03-01 18:10:07,1.824,6.62,66.5,27.93,1173
2026-03-01 18:10:14,1.693,6.58,67.4,27.86,1173
2026-03-01 18:10:21,1.636,6.62,67.4,28.29,1176
2026-03-01 18:10:28,1.719,6.61,67.1,28.29,1200
2026-03-01 18:10:35,1.72,6.59,66.3,28.45,1165
2026-03-01 18:10:42,1.798,6.61,67.6,28.44,1200
2026-03-01 18:10:49,1.76,6.62,67.7,28.4,1200
2026-03-01 18:10:56,1.726,6.62,68.2,28.51,1197
2026-03-01 18:11:03,1.802,6.68,70.8,28.39,1200
2026-03-01 18:11:10,1.615,6.63,67.8,28.53,1189
2026-03-01 18:11:17,1.653,6.63,69.2,28.28,1192
2026-03-01 18:11:24,1.632,6.57,70.2,28.58,1165
2026-03-01 18:11:31,1.67,6.61,69.2,28.68,1200
2026-03-01 18:11:38,1.6,6.63,72.1,28.37,1172
2026-03-01 18:11:45,1.741,6.62,69.0,28.58,1200
2026-03-01 18:11:52,1.681,6.69,70.1,28.43,1195
2026-03-01 18:11:59,1.594,6.64,68.9,28.48,1160
2026-03-01 18:12:06,1.626,6.69,69.6,28.35,1175
2026-03-01 18:12:13,1.719,6.66,70.5,28.97,1200
2026-03-01 18:12:20,1.757,6.66,71.4,28.94,1200
2026-03-01 18:12:27,1.839,6.66,70.9,28.83,1158
2026-03-01 18:12:34,1.904,6.66,72.2,29.21,1200
2026-03-01 18:12:41,1.73,6.72,70.7,28.69,1186
2026-03-01 18:12:48,1.633,6.6,70.6,29.51,1200
2026-03-01 18:12:55,1.554,6.61,74.3,28.71,1199
2026-03-01 18:13:02,1.724,6.66,71.7,28.84,1174
2026-03-01 18:13:09,1.65,6.67,70.4,28.69,1200
2026-03-01 18:13:16,1.68,6.7,70.5,28.9,1120
2026-03-01 18:13:23,1.668,6.69,70.3,29.02,1186
2026-03-01 18:13:30,1.703,6.67,72.6,28.8,1200
2026-03-01 18:13:37,1.79,6.71,71.1,29.28,1175
2026-03-01 18:13:44,1.729,6.72,71.7,28.9,1117
2026-03-01 18:13:51,1.709,6.69,71.5,28.92,1162
2026-03-01 18:13:58,1.65,6.72,72.5,28.63,1200
2026-03-01 18:14:05,1.608,6.7,70.6,28.96,1185
2026-03-01 18:14:12,1.694,6.68,70.3,28.83,1140
2026-03-01 18:14:19,1.728,6.72,71.9,28.71,1143
2026-03-01 18:14:26,1.859,6.7,72.3,28.67,1145
2026-03-01 18:14:33,1.747,6.7,71.9,29.53,1175
2026-03-01 18:14:40,1.81,6.74,70.5,28.8,1200
2026-03-01 18:14:47,1.71,6.63,72.2,28.5,1194
2026-03-01 18:14:54,1.666,6.66,70.4,28.68,1171
2026-03-01 18:15:01,1.685,6.67,70.6,28.84,1106
2026-03-01 18:15:08,1.705,6.69,70.0,28.98,1103
2026-03-01 18:15:15,1.909,6.7,72.6,28.98,1166
2026-03-01 18:15:22,1.706,6.66,71.7,29.0,1097
2026-03-01 18:15:29,1.827,6.68,71.5,28.66,1133
2026-03-01 18:15:36,1.709,6.69,72.2,28.9,1149
2026-03-01 18:15:43,1.841,6.79,73.9,28.59,1095
2026-03-01 18:15:50,1.807,6.77,68.3,28.64,1096
2026-03-01 18:15:57,1.774,6.7,69.4,28.55,1125
2026-03-01 18:16:04,1.786,6.7,69.3,28.47,1143
2026-03-01 18:16:11,1.747,6.68,68.9,29.02,1159
2026-03-01 18:16:18,1.829,6.66,68.4,28.91,1140
2026-03-01 18:16:25,1.77,6.71,69.2,28.97,1118
2026-03-01 18:16:32,1.721,6.69,67.9,28.72,1086
2026-03-01 18:16:39,1.722,6.72,69.6,28.88,1071
2026-03-01 18:16:46,1.828,6.67,69.1,28.23,1087
2026-03-01 18:16:53,1.93,6.7,69.4,28.86,1115
2026-03-01 18:17:00,1.836,6.73,69.2,28.67,1109
2026-03-01 18:17:07,1.821,6.73,69.1,28.76,1020
2026-03-01 18:17:14,1.853,6.73,67.7,28.68,1062
2026-03-01 18:17:21,1.929,6.68,70.5,28.32,1127
2026-03-01 18:17:28,1.858,6.75,68.1,28.17,1084
2026-03-01 18:17:35,1.818,6.7,65.3,28.34,1028
2026-03-01 18:17:42,1.928,6.74,66.2,28.63,1155
2026-03-01 18:17:49,1.885,6.72,65.1,28.64,1068
2026-03-01 18:17:56,1.967,6.68,67.0,28.1,1078
2026-03-01 18:18:03,1.876,6.71,66.6,28.17,1074
2026-03-01 18:18:10,1.782,6.73,66.0,28.21,1043
2026-03-01 18:18:17,1.776,6.74,68.8,28.27,1026
2026-03-01 18:18:24,1.991,6.72,66.8,27.99,1121
2026-03-01 18:18:31,2.0,6.77,66.9,27.95,1077
2026-03-01 18:18:38,1.871,6.75,64.7,28.07,1066
2026-03-01 18:18:45,1.86,6.71,64.4,28.27,1053
2026-03-01 18:18:52,1.993,6.74,65.5,27.92,993
2026-03-01 18:18:59,1.817,6.78,65.5,28.16,1068
2026-03-01 18:19:06,1.835,6.78,62.9,28.42,989
2026-03-01 18:19:13,1.946,6.68,64.8,27.8,1024
2026-03-01 18:19:20,1.877,6.69,64.9,28.04,952
2026-03-01 18:19:27,1.907,6.76,64.5,28.32,933
2026-03-01 18:19:34,1.899,6.69,63.6,27.93,1010
2026-03-01 18:19:41,1.937,6.68,63.8,27.86,966
2026-03-01 18:19:48,2.014,6.7,64.2,28.26,919
2026-03-01 18:19:55,1.924,6.73,64.4,27.86,1003
2026-03-01 18:20:02,1.965,6.71,64.9,28.18,1053
2026-03-01 18:20:09,1.779,6.69,65.4,27.98,1022
2026-03-01 18:20:16,1.921,6.69,63.7,27.76,959
2026-03-01 18:20:23,1.867,6.69,63.4,27.93,963
2026-03-01 18:20:30,1.843,6.68,64.5,27.86,988
2026-03-01 18:20:37,1.868,6.78,64.6,28.0,991
2026-03-01 18:20:44,1.908,6.72,63.4,27.58,934
2026-03-01 18:20:51,1.996,6.73,64.8,27.7,942
2026-03-01 18:20:58,1.84,6.69,65.0,27.64,946
2026-03-01 18:21:05,1.936,6.7,65.4,27.8,949
2026-03-01 18:21:12,1.901,6.68,66.0,27.34,920
2026-03-01 18:21:19,1.912,6.62,62.9,27.82,914
2026-03-01 18:21:26,2.005,6.66,63.9,27.65,961
2026-03-01 18:21:33,1.973,6.64,64.0,27.17,950
2026-03-01 18:21:40,2.029,6.63,63.9,27.78,918
2026-03-01 18:21:47,1.924,6.66,63.3,28.0,956
2026-03-01 18:21:54,1.886,6.73,62.4,27.67,876
2026-03-01 18:22:01,1.918,6.69,64.4,27.74,941
2026-03-01 18:22:08,1.95,6.73,63.4,27.38,897
2026-03-01 18:22:15,1.944,6.7,64.5,26.92,987
2026-03-01 18:22:22,1.854,6.71,63.6,26.85,825
2026-03-01 18:22:29,1.935,6.66,63.3,27.34,836
2026-03-01 18:22:36,1.943,6.7,65.1,27.11,869
2026-03-01 18:22:43,2.101,6.7,65.1,27.0,862
2026-03-01 18:22:50,2.054,6.66,65.7,27.19,911
2026-03-01 18:22:57,1.861,6.69,67.8,27.34,813
2026-03-01 18:23:04,1.898,6.69,65.7,26.8,862
2026-03-01 18:23:11,1.813,6.65,66.1,27.02,865
2026-03-01 18:23:18,1.871,6.63,64.4,27.49,843
2026-03-01 18:23:25,1.931,6.63,64.3,26.82,779
2026-03-01 18:23:32,1.99,6.67,67.9,27.29,855
2026-03-01 18:23:39,1.851,6.67,65.1,26.93,843
2026-03-01 18:23:46,1.852,6.64,65.1,27.17,815
2026-03-01 18:23:53,1.744,6.66,66.5,27.29,795
2026-03-01 18:24:00,1.879,6.67,66.6,27.18,789
2026-03-01 18:24:07,1.812,6.67,65.8,27.21,772
2026-03-01 18:24:14,1.844,6.7,66.7,26.68,791
2026-03-01 18:24:21,1.815,6.69,68.7,27.23,764
2026-03-01 18:24:28,1.865,6.62,66.5,26.72,727
2026-03-01 18:24:35,1.744,6.7,65.9,26.99,713
2026-03-01 18:24:42,1.759,6.63,68.9,26.98,718
2026-03-01 18:24:49,2.006,6.67,68.5,27.02,745
2026-03-01 18:24:56,1.761,6.64,67.4,26.97,730
2026-03-01 18:25:03,1.769,6.62,66.4,26.67,733
2026-03-01 18:25:10,1.968,6.58,67.6,26.53,736
2026-03-01 18:25:17,2.037,6.63,68.6,27.08,691
2026-03-01 18:25:24,1.746,6.58,70.2,26.9,758
2026-03-01 18:25:31,1.796,6.66,67.7,27.14,691
2026-03-01 18:25:38,1.839,6.67,69.0,26.83,679
2026-03-01 18:25:45,1.93,6.6,70.0,26.49,704
2026-03-01 18:25:52,1.733,6.63,66.5,27.08,617
2026-03-01 18:25:59,1.778,6.6,70.7,26.74,647
2026-03-01 18:26:06,1.843,6.6,68.2,26.91,703
2026-03-01 18:26:13,1.812,6.64,70.1,26.67,602
2026-03-01 18:26:20,1.748,6.61,70.1,27.24,695
2026-03-01 18:26:27,1.758,6.66,71.2,26.61,703
2026-03-01 18:26:34,1.664,6.59,70.6,26.74,631
2026-03-01 18:26:41,1.736,6.64,67.2,26.86,648
2026-03-01 18:26:48,1.727,6.61,69.2,26.56,670
2026-03-01 18:26:55,1.754,6.63,70.3,26.92,609
2026-03-01 18:27:02,1.692,6.59,70.0,27.25,649
2026-03-01 18:27:09,1.756,6.6,70.8,26.73,589
2026-03-01 18:27:16,1.787,6.59,71.2,26.95,590
2026-03-01 18:27:23,1.719,6.57,71.0,26.17,572
2026-03-01 18:27:30,1.725,6.61,70.0,26.86,606
2026-03-01 18:27:37,1.696,6.61,68.0,26.8,628
2026-03-01 18:27:44,1.685,6.61,69.7,26.68,575
2026-03-01 18:27:51,1.627,6.63,70.7,27.17,531
2026-03-01 18:27:58,1.692,6.63,68.8,26.83,532
2026-03-01 18:28:05,1.655,6.57,70.8,26.87,577
2026-03-01 18:28:12,1.801,6.59,71.1,26.84,622
2026-03-01 18:28:19,1.756,6.56,70.1,26.46,565
2026-03-01 18:28:26,1.666,6.58,66.1,26.67,532
2026-03-01 18:28:33,1.578,6.56,68.2,27.21,566
2026-03-01 18:28:40,1.545,6.62,71.9,26.46,525
2026-03-01 18:28:47,1.699,6.58,68.8,26.81,514
2026-03-01 18:28:54,1.627,6.56,66.9,26.91,488
2026-03-01 18:29:01,1.634,6.61,70.7,27.47,565
2026-03-01 18:29:08,1.471,6.5,69.0,27.24,421
2026-03-01 18:29:15,1.651,6.51,70.2,26.92,532
2026-03-01 18:29:22,1.61,6.59,69.0,27.41,482
2026-03-01 18:29:29,1.494,6.57,69.0,26.91,478
2026-03-01 18:29:36,1.531,6.57,68.7,27.37,546
2026-03-01 18:29:43,1.575,6.52,68.9,26.8,456
2026-03-01 18:29:50,1.554,6.56,70.6,27.42,452
2026-03-01 18:29:57,1.523,6.62,68.8,27.07,466
2026-03-01 18:30:04,1.529,6.58,65.6,26.94,479
2026-03-01 18:30:11,1.512,6.56,67.8,27.16,444
2026-03-01 18:30:18,1.534,6.54,68.4,27.3,399
2026-03-01 18:30:25,1.62,6.54,68.2,27.13,418
2026-03-01 18:30:32,1.331,6.49,66.0,27.41,488
2026-03-01 18:30:39,1.488,6.56,67.7,27.15,440
2026-03-01 18:30:46,1.511,6.58,67.1,27.47,448
2026-03-01 18:30:53,1.513,6.51,68.8,27.44,418
2026-03-01 18:31:00,1.46,6.53,64.6,27.34,398
2026-03-01 18:31:07,1.358,6.52,64.6,27.26,475
2026-03-01 18:31:14,1.498,6.52,64.6,27.43,405
2026-03-01 18:31:21,1.591,6.55,64.1,27.55,391
2026-03-01 18:31:28,1.358,6.49,63.4,27.95,439
2026-03-01 18:31:35,1.52,6.57,60.9,27.69,371
2026-03-01 18:31:42,1.432,6.57,63.4,27.72,370
2026-03-01 18:31:49,1.446,6.54,64.1,28.27,387
2026-03-01 18:31:56,1.372,6.47,62.8,27.64,381
2026-03-01 18:32:03,1.418,6.52,65.5,27.65,386
2026-03-01 18:32:10,1.529,6.58,62.9,27.73,445
2026-03-01 18:32:17,1.474,6.46,64.2,27.32,379
2026-03-01 18:32:24,1.551,6.54,62.7,27.48,279
2026-03-01 18:32:31,1.509,6.51,63.1,27.48,369
2026-03-01 18:32:38,1.453,6.57,62.2,27.79,354
2026-03-01 18:32:45,1.542,6.53,63.3,27.6,350
2026-03-01 18:32:52,1.447,6.56,61.5,27.69,353
2026-03-01 18:32:59,1.472,6.56,61.8,27.95,339
2026-03-01 18:33:06,1.39,6.6,61.5,27.91,334
2026-03-01 18:33:13,1.413,6.54,60.5,27.67,353
2026-03-01 18:33:20,1.357,6.56,61.1,27.55,308
2026-03-01 18:33:27,1.473,6.5,63.1,28.02,290
2026-03-01 18:33:34,1.32,6.58,59.9,27.94,425
2026-03-01 18:33:41,1.455,6.53,60.6,27.36,290
2026-03-01 18:33:48,1.385,6.53,61.4,27.7,314
2026-03-01 18:33:55,1.479,6.55,61.2,27.83,255
2026-03-01 18:34:02,1.449,6.5,59.7,27.99,307
2026-03-01 18:34:09,1.523,6.56,56.7,28.04,267
2026-03-01 18:34:16,1.445,6.58,60.0,27.89,280
2026-03-01 18:34:23,1.284,6.56,56.6,27.97,328
2026-03-01 18:34:30,1.389,6.51,60.9,27.85,305
2026-03-01 18:34:37,1.311,6.55,59.3,27.67,305
2026-03-01 18:34:44,1.357,6.58,60.2,27.78,219
2026-03-01 18:34:51,1.499,6.5,57.9,27.86,342
2026-03-01 18:34:58,1.438,6.52,57.0,27.85,233
2026-03-01 18:35:05,1.345,6.58,59.2,27.39,325
2026-03-01 18:35:12,1.323,6.57,58.8,27.77,304
2026-03-01 18:35:19,1.397,6.57,58.2,27.88,285
2026-03-01 18:35:26,1.31,6.61,58.9,27.8,232
2026-03-01 18:35:33,1.35,6.57,62.1,27.81,264
2026-03-01 18:35:40,1.419,6.58,59.8,27.99,239
2026-03-01 18:35:47,1.48,6.64,60.0,27.6,254
2026-03-01 18:35:54,1.443,6.56,59.8,27.46,242
2026-03-01 18:36:01,1.242,6.54,60.6,27.77,176
2026-03-01 18:36:08,1.425,6.58,58.7,28.05,284
2026-03-01 18:36:15,1.41,6.58,56.5,28.27,240
2026-03-01 18:36:22,1.436,6.55,58.8,28.04,223
2026-03-01 18:36:29,1.522,6.54,60.1,27.47,218
2026-03-01 18:36:36,1.267,6.64,58.0,27.77,248
2026-03-01 18:36:43,1.372,6.58,59.0,27.88,202
2026-03-01 18:36:50,1.457,6.55,58.5,27.85,152
2026-03-01 18:36:57,1.308,6.6,61.2,27.93,243
2026-03-01 18:37:04,1.524,6.57,60.4,27.55,245
2026-03-01 18:37:11,1.449,6.57,60.4,27.78,217
2026-03-01 18:37:18,1.486,6.59,60.5,27.86,182
2026-03-01 18:37:25,1.389,6.54,59.9,27.94,224
2026-03-01 18:37:32,1.489,6.59,60.3,27.52,168
2026-03-01 18:37:39,1.51,6.64,58.7,27.61,181
2026-03-01 18:37:46,1.454,6.6,57.7,27.0,189
2026-03-01 18:37:53,1.457,6.57,60.6,27.5,244
2026-03-01 18:38:00,1.463,6.57,61.0,27.51,200
2026-03-01 18:38:07,1.386,6.57,62.2,27.36,196
2026-03-01 18:38:14,1.44,6.58,62.7,27.63,278
2026-03-01 18:38:21,1.442,6.58,62.9,27.56,221
2026-03-01 18:38:28,1.483,6.62,59.9,26.98,220
2026-03-01 18:38:35,1.529,6.54,60.9,27.57,194
2026-03-01 18:38:42,1.388,6.62,62.0,27.26,185
2026-03-01 18:38:49,1.457,6.58,64.6,27.58,128
2026-03-01 18:38:56,1.572,6.61,63.5,27.11,238
2026-03-01 18:39:03,1.42,6.56,63.2,27.41,219
2026-03-01 18:39:10,1.417,6.64,61.5,27.3,196
2026-03-01 18:39:17,1.492,6.64,61.0,27.42,197
2026-03-01 18:39:24,1.54,6.63,63.2,27.34,227
2026-03-01 18:39:31,1.485,6.55,61.0,27.21,147
2026-03-01 18:39:38,1.58,6.63,62.2,26.86,180
2026-03-01 18:39:45,1.55,6.61,62.4,26.84,161
2026-03-01 18:39:52,1.552,6.56,64.6,27.03,262
2026-03-01 18:39:59,1.534,6.6,62.3,27.13,231
2026-03-01 18:40:06,1.661,6.62,59.9,26.95,123
2026-03-01 18:40:13,1.487,6.62,63.5,27.22,147
2026-03-01 18:40:20,1.363,6.61,62.1,26.95,196
2026-03-01 18:40:27,1.618,6.62,63.1,26.74,184
2026-03-01 18:40:34,1.476,6.65,63.0,26.87,154
2026-03-01 18:40:41,1.518,6.65,62.8,26.96,269
2026-03-01 18:40:48,1.605,6.53,64.1,26.94,212
2026-03-01 18:40:55,1.403,6.6,61.3,27.29,219
2026-03-01 18:41:02,1.429,6.61,62.6,26.61,178
2026-03-01 18:41:09,1.407,6.56,64.0,26.71,228
2026-03-01 18:41:16,1.465,6.62,62.5,26.8,191
2026-03-01 18:41:23,1.553,6.65,61.2,26.64,195
2026-03-01 18:41:30,1.561,6.58,64.0,26.48,227
2026-03-01 18:41:37,1.545,6.63,64.5,26.17,150
2026-03-01 18:41:44,1.428,6.59,63.0,26.38,264
2026-03-01 18:41:51,1.366,6.6,60.6,26.2,215
2026-03-01 18:41:58,1.532,6.66,63.8,25.99,255
2026-03-01 18:42:05,1.497,6.6,60.9,26.18,174
2026-03-01 18:42:12,1.562,6.63,63.1,26.07,180
2026-03-01 18:42:19,1.58,6.56,61.6,26.43,174
2026-03-01 18:42:26,1.541,6.68,61.1,26.39,224
2026-03-01 18:42:33,1.585,6.64,61.9,25.96,220
2026-03-01 18:42:40,1.548,6.61,62.0,26.08,203
2026-03-01 18:42:47,1.569,6.64,61.3,25.63,185
2026-03-01 18:42:54,1.482,6.58,62.7,25.92,178
2026-03-01 18:43:01,1.519,6.66,61.3,26.1,223
2026-03-01 18:43:08,1.545,6.61,62.8,26.16,210
2026-03-01 18:43:15,1.588,6.61,61.8,25.73,205
2026-03-01 18:43:22,1.502,6.61,60.4,26.12,285
2026-03-01 18:43:29,1.565,6.6,60.0,25.43,230
2026-03-01 18:43:36,1.509,6.64,58.9,25.45,280
2026-03-01 18:43:43,1.518,6.63,61.0,25.9,219
2026-03-01 18:43:50,1.583,6.64,60.0,26.09,248
2026-03-01 18:43:57,1.383,6.62,57.3,25.75,240
2026-03-01 18:44:04,1.43,6.63,59.3,25.57,186
2026-03-01 18:44:11,1.416,6.61,58.6,24.99,298
2026-03-01 18:44:18,1.354,6.69,61.3,24.98,246
2026-03-01 18:44:25,1.468,6.57,57.1,25.48,279
2026-03-01 18:44:32,1.565,6.65,57.2,25.31,230
2026-03-01 18:44:39,1.49,6.66,60.0,25.08,253
2026-03-01 18:44:46,1.521,6.59,60.0,25.33,232
2026-03-01 18:44:53,1.581,6.68,57.2,25.3,308
2026-03-01 18:45:00,1.595,6.64,57.1,25.46,279
2026-03-01 18:45:07,1.494,6.64,58.3,25.22,284
2026-03-01 18:45:14,1.59,6.61,54.5,25.45,322
2026-03-01 18:45:21,1.499,6.6,54.8,25.1,318
2026-03-01 18:45:28,1.43,6.6,56.4,25.03,308
2026-03-01 18:45:35,1.443,6.62,58.4,25.28,235
2026-03-01 18:45:42,1.378,6.65,55.7,24.73,264
2026-03-01 18:45:49,1.415,6.61,56.1,25.64,257
2026-03-01 18:45:56,1.448,6.58,57.1,25.0,321
2026-03-01 18:46:03,1.526,6.63,58.0,24.96,305
2026-03-01 18:46:10,1.586,6.63,54.5,24.96,254
2026-03-01 18:46:17,1.364,6.62,54.9,25.26,300
2026-03-01 18:46:24,1.484,6.62,56.9,24.96,258
2026-03-01 18:46:31,1.379,6.59,52.6,24.32,313
2026-03-01 18:46:38,1.481,6.57,55.4,25.04,261
2026-03-01 18:46:45,1.433,6.57,52.8,24.57,341
2026-03-01 18:46:52,1.31,6.54,53.9,24.65,340
2026-03-01 18:46:59,1.498,6.6,53.2,24.28,398
2026-03-01 18:47:06,1.386,6.59,52.2,24.7,365
2026-03-01 18:47:13,1.386,6.57,51.9,24.37,325
2026-03-01 18:47:20,1.343,6.5,53.3,24.53,373
2026-03-01 18:47:27,1.367,6.55,53.9,24.41,300
2026-03-01 18:47:34,1.438,6.62,52.4,24.94,319
2026-03-01 18:47:41,1.389,6.56,52.5,24.93,369
2026-03-01 18:47:48,1.42,6.59,52.9,24.42,287
2026-03-01 18:47:55,1.418,6.53,50.9,24.4,366
2026-03-01 18:48:02,1.479,6.62,52.8,24.27,336
2026-03-01 18:48:09,1.358,6.57,52.8,24.62,380
2026-03-01 18:48:16,1.273,6.58,54.8,24.24,344
2026-03-01 18:48:23,1.446,6.64,51.2,24.2,401
2026-03-01 18:48:30,1.343,6.61,51.0,24.53,392
2026-03-01 18:48:37,1.439,6.55,52.4,24.13,445
2026-03-01 18:48:44,1.382,6.54,52.3,24.24,401
2026-03-01 18:48:51,1.341,6.55,50.7,23.84,379
2026-03-01 18:48:58,1.369,6.57,50.8,24.4,403
2026-03-01 18:49:05,1.476,6.55,51.9,24.69,369
2026-03-01 18:49:12,1.48,6.54,50.2,24.38,436
2026-03-01 18:49:19,1.334,6.59,50.7,24.55,447
2026-03-01 18:49:26,1.336,6.54,51.3,23.96,519
2026-03-01 18:49:33,1.395,6.61,52.4,24.23,416
2026-03-01 18:49:40,1.255,6.54,50.5,23.92,433
2026-03-01 18:49:47,1.333,6.59,49.0,24.09,428
2026-03-01 18:49:54,1.303,6.54,49.0,24.34,461
2026-03-01 18:50:01,1.322,6.56,49.8,24.17,472
2026-03-01 18:50:08,1.237,6.5,49.8,23.78,463
2026-03-01 18:50:15,1.18,6.5,51.3,23.81,508
2026-03-01 18:50:22,1.141,6.53,50.1,23.79,454
2026-03-01 18:50:29,1.204,6.55,50.8,24.25,516
2026-03-01 18:50:36,1.246,6.52,50.8,24.65,506
2026-03-01 18:50:43,1.253,6.47,51.3,24.47,492
2026-03-01 18:50:50,1.406,6.47,53.5,23.66,488
2026-03-01 18:50:57,1.344,6.46,52.8,24.49,589
2026-03-01 18:51:04,1.195,6.45,52.2,24.38,482
2026-03-01 18:51:11,1.283,6.5,51.7,23.76,526
2026-03-01 18:51:18,1.227,6.53,51.9,24.08,496
2026-03-01 18:51:25,1.233,6.49,53.0,24.43,590
2026-03-01 18:51:32,1.262,6.42,53.4,24.3,565
2026-03-01 18:51:39,1.29,6.48,51.8,23.85,516
2026-03-01 18:51:46,1.22,6.48,53.1,24.33,563
2026-03-01 18:51:53,1.315,6.54,50.7,23.66,560
2026-03-01 18:52:00,1.159,6.43,53.6,24.15,539
2026-03-01 18:52:07,1.237,6.46,54.4,24.5,590
2026-03-01 18:52:14,1.416,6.52,53.3,24.23,583
2026-03-01 18:52:21,1.248,6.48,56.0,24.11,583
2026-03-01 18:52:28,1.331,6.48,52.9,24.47,580
2026-03-01 18:52:35,1.235,6.47,54.4,24.51,603
2026-03-01 18:52:42,1.268,6.47,54.3,24.61,602
2026-03-01 18:52:49,1.223,6.48,54.4,24.51,602
2026-03-01 18:52:56,1.214,6.43,54.5,24.58,584
2026-03-01 18:53:03,1.17,6.48,55.0,24.51,672
2026-03-01 18:53:10,1.254,6.41,56.0,24.41,582
2026-03-01 18:53:17,1.164,6.45,56.8,24.38,640
2026-03-01 18:53:24,1.27,6.45,55.3,24.32,620
2026-03-01 18:53:31,1.3,6.42,56.4,24.09,699
2026-03-01 18:53:38,1.25,6.43,54.7,24.17,612
2026-03-01 18:53:45,1.205,6.41,56.6,24.36,624
2026-03-01 18:53:52,1.257,6.4,54.9,24.51,622
2026-03-01 18:53:59,1.205,6.42,57.3,24.83,674
2026-03-01 18:54:06,1.293,6.39,58.7,24.48,621
2026-03-01 18:54:13,1.1,6.43,56.0,24.76,658
2026-03-01 18:54:20,1.207,6.38,53.7,24.8,606
2026-03-01 18:54:27,1.092,6.44,55.7,24.49,696
2026-03-01 18:54:34,1.129,6.38,57.9,24.71,676
2026-03-01 18:54:41,1.331,6.39,57.2,24.52,648
2026-03-01 18:54:48,1.301,6.39,56.9,24.94,744
2026-03-01 18:54:55,1.19,6.44,57.9,24.79,667
2026-03-01 18:55:02,1.138,6.41,57.3,24.35,747
2026-03-01 18:55:09,1.039,6.39,58.2,24.71,701
2026-03-01 18:55:16,1.211,6.41,57.9,25.1,787
2026-03-01 18:55:23,1.422,6.33,58.6,24.66,764
2026-03-01 18:55:30,1.287,6.39,57.2,24.84,709
2026-03-01 18:55:37,1.221,6.45,57.9,24.88,718
2026-03-01 18:55:44,1.296,6.39,56.4,24.51,778
2026-03-01 18:55:51,1.159,6.38,56.0,24.92,753
2026-03-01 18:55:58,1.251,6.4,58.8,24.46,763
2026-03-01 18:56:05,1.283,6.4,56.9,24.67,820
2026-03-01 18:56:12,1.275,6.32,57.6,25.12,755
2026-03-01 18:56:19,1.341,6.32,56.7,24.95,791
2026-03-01 18:56:26,1.315,6.38,55.8,24.81,827
2026-03-01 18:56:33,1.343,6.35,56.4,25.01,828
2026-03-01 18:56:40,1.253,6.41,58.0,24.9,800
2026-03-01 18:56:47,1.369,6.35,56.9,24.94,802
2026-03-01 18:56:54,1.426,6.3,54.0,25.12,757
2026-03-01 18:57:01,1.25,6.32,55.7,24.79,787
2026-03-01 18:57:08,1.261,6.28,58.0,25.0,842
2026-03-01 18:57:15,1.423,6.35,55.4,24.92,832
2026-03-01 18:57:22,1.322,6.35,53.4,24.62,845
2026-03-01 18:57:29,1.44,6.34,57.7,24.8,885
2026-03-01 18:57:36,1.317,6.38,56.0,25.44,813
2026-03-01 18:57:43,1.457,6.39,55.0,25.15,852
2026-03-01 18:57:50,1.37,6.34,54.4,24.74,873
2026-03-01 18:57:57,1.386,6.28,56.0,24.7,848
2026-03-01 18:58:04,1.484,6.36,53.8,25.07,928
2026-03-01 18:58:11,1.356,6.36,55.7,25.49,916
2026-03-01 18:58:18,1.322,6.35,54.7,25.07,900
2026-03-01 18:58:25,1.364,6.37,54.2,25.45,958
2026-03-01 18:58:32,1.434,6.3,53.9,25.22,849
2026-03-01 18:58:39,1.3,6.4,53.3,25.26,907
2026-03-01 18:58:46,1.461,6.31,54.5,24.81,926
2026-03-01 18:58:53,1.386,6.36,52.0,25.39,887
2026-03-01 18:59:00,1.511,6.28,50.9,25.07,935
2026-03-01 18:59:07,1.271,6.31,53.3,25.38,891
2026-03-01 18:59:14,1.391,6.38,53.1,24.96,960
2026-03-01 18:59:21,1.335,6.32,52.7,25.21,978
2026-03-01 18:59:28,1.403,6.36,52.4,25.26,956
2026-03-01 18:59:35,1.485,6.34,51.3,25.13,887
2026-03-01 18:59:42,1.463,6.33,52.4,25.27,923
2026-03-01 18:59:49,1.465,6.37,51.2,25.11,982
2026-03-01 18:59:56,1.479,6.32,50.5,25.01,969
2026-03-01 19:00:03,1.511,6.27,50.5,25.57,879
2026-03-01 19:00:10,1.434,6.3,53.1,25.43,1022
2026-03-01 19:00:17,1.561,6.34,48.4,24.97,988
2026-03-01 19:00:24,1.565,6.34,50.8,25.3,960
2026-03-01 19:00:31,1.553,6.28,48.0,24.97,1029
2026-03-01 19:00:38,1.572,6.3,49.7,24.85,975
2026-03-01 19:00:45,1.561,6.31,49.2,25.4,980
2026-03-01 19:00:52,1.69,6.31,47.0,24.7,1021
2026-03-01 19:00:59,1.549,6.28,49.8,25.35,1076
2026-03-01 19:01:06,1.54,6.31,48.7,25.05,1076
2026-03-01 19:01:13,1.516,6.3,46.5,25.05,1036
2026-03-01 19:01:20,1.503,6.35,49.9,25.19,1044
2026-03-01 19:01:27,1.495,6.35,50.5,25.22,1061
2026-03-01 19:01:34,1.526,6.32,50.4,24.86,994
2026-03-01 19:01:41,1.59,6.31,49.0,25.23,1065
2026-03-01 19:01:48,1.624,6.33,48.5,25.06,1021
2026-03-01 19:01:55,1.611,6.3,49.9,24.7,1062
2026-03-01 19:02:02,1.56,6.29,50.3,24.96,1048
2026-03-01 19:02:09,1.682,6.3,49.6,25.33,1078
2026-03-01 19:02:16,1.677,6.31,47.0,25.39,1069
2026-03-01 19:02:23,1.62,6.29,48.3,25.13,961
2026-03-01 19:02:30,1.591,6.33,48.6,24.63,1079
2026-03-01 19:02:37,1.681,6.35,45.9,25.03,1100
2026-03-01 19:02:44,1.661,6.28,48.6,25.1,1097
2026-03-01 19:02:51,1.551,6.33,50.7,25.05,1082
2026-03-01 19:02:58,1.653,6.33,48.8,25.04,1147
2026-03-01 19:03:05,1.681,6.34,49.8,24.91,1104
2026-03-01 19:03:12,1.604,6.33,48.3,24.78,1112
2026-03-01 19:03:19,1.685,6.29,48.0,24.62,1137
2026-03-01 19:03:26,1.574,6.3,48.6,24.27,1117
2026-03-01 19:03:33,1.774,6.34,47.3,24.8,1077
2026-03-01 19:03:40,1.772,6.37,47.2,24.74,1026
2026-03-01 19:03:47,1.671,6.27,49.9,24.81,1099
2026-03-01 19:03:54,1.718,6.35,50.2,24.31,1145
2026-03-01 19:04:01,1.527,6.38,47.4,24.77,1110
2026-03-01 19:04:08,1.618,6.34,49.9,25.1,1154
2026-03-01 19:04:15,1.682,6.36,48.8,24.58,1134
2026-03-01 19:04:22,1.63,6.32,49.4,24.51,1177
2026-03-01 19:04:29,1.758,6.34,49.7,24.57,1125
2026-03-01 19:04:36,1.851,6.3,50.5,24.98,1155
2026-03-01 19:04:43,1.631,6.28,49.6,24.18,1159
2026-03-01 19:04:50,1.657,6.38,51.3,24.46,1197
2026-03-01 19:04:57,1.734,6.32,50.2,24.18,1087
2026-03-01 19:05:04,1.833,6.34,50.8,24.21,1134
2026-03-01 19:05:11,1.636,6.31,49.2,24.3,1182
2026-03-01 19:05:18,1.741,6.31,53.0,24.62,1200
2026-03-01 19:05:25,1.852,6.35,51.2,24.7,1166
2026-03-01 19:05:32,1.61,6.34,51.7,24.33,1150
2026-03-01 19:05:39,1.637,6.37,49.1,24.1,1189
2026-03-01 19:05:46,1.698,6.38,50.3,24.78,1195
2026-03-01 19:05:53,1.692,6.37,53.0,24.02,1155
2026-03-01 19:06:00,1.786,6.37,52.1,23.95,1181
2026-03-01 19:06:07,1.746,6.41,49.6,23.62,1200
2026-03-01 19:06:14,1.606,6.34,53.4,24.38,1200
2026-03-01 19:06:21,1.766,6.37,51.7,24.24,1200
2026-03-01 19:06:28,1.689,6.41,54.3,24.57,1179
2026-03-01 19:06:35,1.819,6.41,52.7,23.59,1177
2026-03-01 19:06:42,1.685,6.33,53.3,24.27,1200
2026-03-01 19:06:49,1.684,6.37,54.7,23.89,1179
2026-03-01 19:06:56,1.766,6.42,52.5,24.05,1191
2026-03-01 19:07:03,1.781,6.39,52.6,23.4,1149
2026-03-01 19:07:10,1.758,6.39,53.7,24.15,1200
2026-03-01 19:07:17,1.607,6.38,55.2,23.95,1149
2026-03-01 19:07:24,1.762,6.37,52.8,23.72,1175
2026-03-01 19:07:31,1.65,6.39,52.6,23.86,1195
2026-03-01 19:07:38,1.738,6.38,55.8,23.48,1200
2026-03-01 19:07:45,1.62,6.39,54.3,23.5,1179
2026-03-01 19:07:52,1.749,6.39,54.8,23.5,1171
2026-03-01 19:07:59,1.66,6.37,53.2,23.12,1176
2026-03-01 19:08:06,1.624,6.41,54.8,23.78,1200
2026-03-01 19:08:13,1.762,6.48,55.8,23.83,1098
2026-03-01 19:08:20,1.727,6.34,57.0,23.33,1162
2026-03-01 19:08:27,1.665,6.41,55.2,23.57,1200
2026-03-01 19:08:34,1.807,6.38,58.2,23.39,1200
2026-03-01 19:08:41,1.672,6.42,55.6,23.52,1160
2026-03-01 19:08:48,1.703,6.4,55.7,23.26,1198
2026-03-01 19:08:55,1.717,6.43,58.5,23.17,1200
2026-03-01 19:09:02,1.653,6.44,57.0,23.63,1200
2026-03-01 19:09:09,1.726,6.41,56.2,23.33,1200
2026-03-01 19:09:16,1.653,6.44,56.7,23.84,1200
2026-03-01 19:09:23,1.659,6.34,58.6,23.32,1181
2026-03-01 19:09:30,1.781,6.46,58.8,23.06,1200
2026-03-01 19:09:37,1.61,6.42,56.2,23.58,1175
2026-03-01 19:09:44,1.511,6.45,57.2,23.42,1163
2026-03-01 19:09:51,1.79,6.38,57.4,23.43,1137
2026-03-01 19:09:58,1.853,6.39,56.1,23.53,1144
2026-03-01 19:10:05,1.643,6.42,57.2,23.06,1167
2026-03-01 19:10:12,1.533,6.42,57.3,23.17,1156
2026-03-01 19:10:19,1.645,6.43,58.7,23.15,1200
2026-03-01 19:10:26,1.644,6.45,58.7,22.86,1154
2026-03-01 19:10:33,1.648,6.37,56.9,23.11,1085
2026-03-01 19:10:40,1.58,6.45,57.0,23.5,1158
2026-03-01 19:10:47,1.696,6.42,58.0,23.22,1177
2026-03-01 19:10:54,1.69,6.42,56.4,22.82,1171
2026-03-01 19:11:01,1.546,6.38,57.8,22.76,1200
2026-03-01 19:11:08,1.697,6.44,56.9,23.56,1168
2026-03-01 19:11:15,1.789,6.35,55.8,23.12,1200
2026-03-01 19:11:22,1.655,6.45,55.7,22.98,1187
2026-03-01 19:11:29,1.617,6.38,58.5,23.07,1184
2026-03-01 19:11:36,1.629,6.43,56.5,22.77,1155
2026-03-01 19:11:43,1.679,6.42,58.5,23.49,1181
2026-03-01 19:11:50,1.513,6.46,55.8,23.04,1154
2026-03-01 19:11:57,1.644,6.42,56.7,23.48,1185
2026-03-01 19:12:04,1.603,6.41,59.1,23.16,1169
2026-03-01 19:12:11,1.758,6.41,54.8,23.51,1142
2026-03-01 19:12:18,1.615,6.47,53.6,23.22,1200
2026-03-01 19:12:25,1.742,6.45,57.3,23.38,1186
2026-03-01 19:12:32,1.547,6.42,54.6,23.35,1154
2026-03-01 19:12:39,1.664,6.42,55.4,23.34,1172
2026-03-01 19:12:46,1.644,6.38,54.6,23.28,1162
2026-03-01 19:12:53,1.559,6.44,55.5,23.15,1132
2026-03-01 19:13:00,1.632,6.38,53.9,23.7,1163
2026-03-01 19:13:07,1.703,6.45,54.6,23.01,1136
2026-03-01 19:13:14,1.595,6.43,55.2,23.25,1122
2026-03-01 19:13:21,1.499,6.5,53.3,23.27,1096
2026-03-01 19:13:28,1.615,6.4,53.5,23.38,1137
2026-03-01 19:13:35,1.553,6.43,53.8,23.2,1167
2026-03-01 19:13:42,1.592,6.48,52.3,23.4,1120
2026-03-01 19:13:49,1.61,6.47,53.4,23.3,1200
2026-03-01 19:13:56,1.497,6.41,53.9,22.97,1169
2026-03-01 19:14:03,1.504,6.44,53.1,23.39,1181
2026-03-01 19:14:10,1.651,6.43,53.1,23.13,1160
2026-03-01 19:14:17,1.581,6.44,53.3,23.0,1194
2026-03-01 19:14:24,1.439,6.41,52.4,23.49,1098
2026-03-01 19:14:31,1.675,6.42,53.9,23.61,1033
2026-03-01 19:14:38,1.64,6.38,54.6,23.64,1103
2026-03-01 19:14:45,1.572,6.43,52.2,23.68,1135
2026-03-01 19:14:52,1.531,6.44,53.3,23.09,1117
2026-03-01 19:14:59,1.684,6.42,52.3,23.26,1118
2026-03-01 19:15:06,1.651,6.38,52.9,24.12,1151
2026-03-01 19:15:13,1.795,6.45,54.3,23.4,1114
2026-03-01 19:15:20,1.66,6.43,52.9,23.85,1125
2026-03-01 19:15:27,1.66,6.4,50.1,23.55,1060
2026-03-01 19:15:34,1.624,6.41,52.7,23.78,1051
2026-03-01 19:15:41,1.695,6.37,53.6,23.64,1142
2026-03-01 19:15:48,1.685,6.39,51.8,23.97,1085
2026-03-01 19:15:55,1.731,6.4,53.2,23.9,1055
2026-03-01 19:16:02,1.61,6.45,51.2,23.79,1051
2026-03-01 19:16:09,1.619,6.4,50.2,23.68,1046
2026-03-01 19:16:16,1.62,6.43,52.2,24.04,1040
2026-03-01 19:16:23,1.712,6.4,49.9,23.71,1015
2026-03-01 19:16:30,1.765,6.42,51.7,24.16,1003
2026-03-01 19:16:37,1.632,6.41,53.6,24.75,1044
2026-03-01 19:16:44,1.639,6.43,49.8,24.47,1026
2026-03-01 19:16:51,1.694,6.39,50.6,24.35,1081
2026-03-01 19:16:58,1.659,6.36,51.0,24.19,1048
2026-03-01 19:17:05,1.748,6.36,52.2,23.77,1042
2026-03-01 19:17:12,1.528,6.39,51.9,23.96,1002
2026-03-01 19:17:19,1.632,6.36,54.1,24.65,1019
2026-03-01 19:17:26,1.64,6.41,53.7,24.18,1031
2026-03-01 19:17:33,1.537,6.38,53.3,24.24,1039
2026-03-01 19:17:40,1.637,6.47,53.0,24.42,1006
2026-03-01 19:17:47,1.646,6.34,53.4,24.24,1042
2026-03-01 19:17:54,1.701,6.4,52.1,24.24,999
2026-03-01 19:18:01,1.798,6.36,54.3,24.57,1022
2026-03-01 19:18:08,1.708,6.38,52.1,24.41,972
2026-03-01 19:18:15,1.659,6.39,54.6,24.49,920
2026-03-01 19:18:22,1.732,6.32,55.2,24.52,988
2026-03-01 19:18:29,1.816,6.39,54.3,24.89,999
2026-03-01 19:18:36,1.679,6.44,54.0,24.74,988
2026-03-01 19:18:43,1.69,6.37,54.9,24.8,977
2026-03-01 19:18:50,1.798,6.39,51.2,25.03,945
2026-03-01 19:18:57,1.75,6.41,55.3,24.89,924
2026-03-01 19:19:04,1.816,6.37,55.0,24.9,966
2026-03-01 19:19:11,1.776,6.36,55.3,25.13,956
2026-03-01 19:19:18,1.832,6.31,56.5,25.22,916
2026-03-01 19:19:25,1.717,6.39,55.8,25.06,969
2026-03-01 19:19:32,1.794,6.37,54.8,25.15,893
2026-03-01 19:19:39,1.787,6.34,56.2,24.98,898
2026-03-01 19:19:46,1.722,6.37,56.7,25.0,970
2026-03-01 19:19:53,1.704,6.35,57.1,25.45,938
2026-03-01 19:20:00,1.868,6.35,57.4,25.41,889
2026-03-01 19:20:07,1.801,6.38,58.7,25.45,906
2026-03-01 19:20:14,1.76,6.32,56.4,25.44,895
2026-03-01 19:20:21,1.831,6.39,58.2,25.42,788
2026-03-01 19:20:28,1.923,6.31,59.8,25.62,846
2026-03-01 19:20:35,1.69,6.33,56.5,25.72,871
2026-03-01 19:20:42,1.751,6.41,59.0,25.75,854
2026-03-01 19:20:49,1.797,6.38,58.4,25.54,869
2026-03-01 19:20:56,1.97,6.35,58.9,25.94,894
2026-03-01 19:21:03,1.893,6.32,58.6,25.69,837
2026-03-01 19:21:10,1.933,6.33,59.7,25.82,805
2026-03-01 19:21:17,1.805,6.35,62.4,25.77,848
2026-03-01 19:21:24,1.812,6.34,58.9,25.79,819
2026-03-01 19:21:31,1.927,6.34,59.3,25.58,819
2026-03-01 19:21:38,1.905,6.34,59.3,25.97,808
2026-03-01 19:21:45,1.945,6.33,63.2,26.54,891
2026-03-01 19:21:52,1.899,6.29,60.8,25.76,728
2026-03-01 19:21:59,1.936,6.32,61.6,25.9,786
2026-03-01 19:22:06,1.933,6.36,61.3,25.8,794
2026-03-01 19:22:13,1.981,6.29,60.9,25.82,760
2026-03-01 19:22:20,1.988,6.32,62.0,26.35,813
2026-03-01 19:22:27,1.823,6.3,65.4,25.83,804
2026-03-01 19:22:34,1.783,6.33,64.3,25.9,767
2026-03-01 19:22:41,2.015,6.31,61.8,25.65,753
2026-03-01 19:22:48,2.032,6.37,63.7,25.88,753
2026-03-01 19:22:55,1.882,6.34,62.1,25.66,747
2026-03-01 19:23:02,1.827,6.28,61.1,26.27,741
2026-03-01 19:23:09,1.968,6.34,64.6,26.83,731
2026-03-01 19:23:16,2.03,6.3,64.9,26.06,740
2026-03-01 19:23:23,2.094,6.3,64.9,25.75,751
2026-03-01 19:23:30,2.007,6.33,63.2,26.41,676
2026-03-01 19:23:37,1.948,6.3,63.6,26.02,676
2026-03-01 19:23:44,1.915,6.34,64.8,26.54,645
2026-03-01 19:23:51,1.981,6.29,64.5,26.16,730
2026-03-01 19:23:58,1.961,6.29,63.6,26.09,702
2026-03-01 19:24:05,1.914,6.29,62.2,26.22,705
2026-03-01 19:24:12,2.13,6.29,64.3,26.46,631
2026-03-01 19:24:19,2.114,6.34,65.5,26.23,737
2026-03-01 19:24:26,2.07,6.33,62.8,26.17,647
2026-03-01 19:24:33,1.928,6.36,65.0,26.26,668
2026-03-01 19:24:40,2.053,6.38,64.6,26.0,686
2026-03-01 19:24:47,2.039,6.28,65.1,26.42,615
2026-03-01 19:24:54,2.027,6.31,65.2,25.88,624
2026-03-01 19:25:01,2.084,6.27,63.3,26.22,644
2026-03-01 19:25:08,2.041,6.28,62.2,26.53,731
2026-03-01 19:25:15,2.049,6.29,63.4,26.42,635
2026-03-01 19:25:22,2.042,6.27,65.0,26.49,675
2026-03-01 19:25:29,2.021,6.27,63.3,26.33,655
2026-03-01 19:25:36,1.872,6.3,63.0,26.64,619
2026-03-01 19:25:43,2.002,6.27,61.6,26.58,566
2026-03-01 19:25:50,1.957,6.33,65.8,26.46,631
2026-03-01 19:25:57,1.905,6.28,64.5,26.58,535
2026-03-01 19:26:04,2.111,6.39,64.4,26.53,638
2026-03-01 19:26:11,2.113,6.29,64.5,26.23,583
2026-03-01 19:26:18,2.086,6.31,63.9,26.0,477
2026-03-01 19:26:25,2.007,6.27,62.8,26.44,552
2026-03-01 19:26:32,2.082,6.36,62.8,26.47,580
2026-03-01 19:26:39,1.986,6.34,62.3,26.6,543
2026-03-01 19:26:46,1.997,6.31,65.9,26.08,571
2026-03-01 19:26:53,1.903,6.27,63.2,26.08,510
2026-03-01 19:27:00,2.005,6.31,61.9,26.42,488
2026-03-01 19:27:07,1.978,6.27,62.8,26.28,525
2026-03-01 19:27:14,1.88,6.35,60.9,25.81,523
2026-03-01 19:27:21,1.964,6.33,63.8,26.37,504
2026-03-01 19:27:28,1.959,6.31,61.1,25.8,553
2026-03-01 19:27:35,2.086,6.24,62.3,26.02,475
2026-03-01 19:27:42,2.019,6.28,62.8,26.58,510
2026-03-01 19:27:49,1.953,6.33,61.9,26.69,495
2026-03-01 19:27:56,1.966,6.35,61.4,25.92,433
2026-03-01 19:28:03,1.947,6.35,61.2,26.12,435
2026-03-01 19:28:10,1.925,6.27,60.9,26.2,476
2026-03-01 19:28:17,1.859,6.33,60.2,26.63,540
2026-03-01 19:28:24,1.919,6.35,60.2,26.04,485
2026-03-01 19:28:31,1.873,6.27,62.4,26.03,399
2026-03-01 19:28:38,1.832,6.32,60.4,26.52,345
2026-03-01 19:28:45,1.95,6.33,59.5,26.03,474
2026-03-01 19:28:52,1.936,6.31,59.7,26.29,439
2026-03-01 19:28:59,1.778,6.27,61.5,25.72,477
2026-03-01 19:29:06,1.889,6.32,60.9,26.04,401
2026-03-01 19:29:13,1.962,6.32,60.7,25.65,439
2026-03-01 19:29:20,1.96,6.32,59.7,25.78,451
2026-03-01 19:29:27,1.952,6.31,60.6,26.24,401
2026-03-01 19:29:34,1.877,6.32,59.1,26.0,396
2026-03-01 19:29:41,1.809,6.33,59.5,25.92,407
2026-03-01 19:29:48,1.786,6.35,60.9,25.8,420
2026-03-01 19:29:55,1.879,6.33,60.8,25.91,396
2026-03-01 19:30:02,1.875,6.33,58.5,26.03,425
2026-03-01 19:30:09,1.932,6.34,58.7,26.18,370
2026-03-01 19:30:16,1.913,6.29,59.8,25.27,335
2026-03-01 19:30:23,1.82,6.36,61.8,25.7,446
2026-03-01 19:30:30,1.735,6.35,57.4,25.93,351
2026-03-01 19:30:37,1.793,6.35,60.1,25.85,347
2026-03-01 19:30:44,1.824,6.38,58.1,25.96,360
2026-03-01 19:30:51,1.788,6.3,59.1,25.91,360
2026-03-01 19:30:58,1.755,6.3,59.5,25.76,340
2026-03-01 19:31:05,1.806,6.37,59.5,25.69,348
2026-03-01 19:31:12,1.747,6.36,59.4,25.75,343
2026-03-01 19:31:19,1.731,6.37,60.2,26.08,346
2026-03-01 19:31:26,1.79,6.35,59.6,25.6,253
2026-03-01 19:31:33,1.733,6.39,58.6,25.75,397
2026-03-01 19:31:40,1.772,6.4,61.5,25.8,322
2026-03-01 19:31:47,1.767,6.39,61.6,26.14,343
2026-03-01 19:31:54,1.661,6.37,61.8,25.66,271
2026-03-01 19:32:01,1.701,6.32,59.1,25.96,298
2026-03-01 19:32:08,1.828,6.41,61.5,26.02,287
2026-03-01 19:32:15,1.64,6.42,62.1,25.69,358
2026-03-01 19:32:22,1.567,6.41,60.2,25.65,283
2026-03-01 19:32:29,1.578,6.37,61.7,25.61,326
2026-03-01 19:32:36,1.704,6.41,61.7,25.62,273
2026-03-01 19:32:43,1.698,6.42,64.3,25.89,276
2026-03-01 19:32:50,1.681,6.45,64.6,25.73,280
2026-03-01 19:32:57,1.768,6.38,60.5,25.72,330
2026-03-01 19:33:04,1.49,6.4,65.7,25.38,215
2026-03-01 19:33:11,1.699,6.43,61.9,25.42,232
2026-03-01 19:33:18,1.774,6.41,64.4,26.19,206
2026-03-01 19:33:25,1.58,6.38,64.6,25.61,233
2026-03-01 19:33:32,1.627,6.43,62.5,25.46,240
2026-03-01 19:33:39,1.595,6.44,64.5,26.01,208
2026-03-01 19:33:46,1.58,6.43,64.1,25.72,236
2026-03-01 19:33:53,1.614,6.43,65.1,25.8,188
2026-03-01 19:34:00,1.732,6.42,65.0,25.62,220
2026-03-01 19:34:07,1.755,6.48,66.4,25.58,295
2026-03-01 19:34:14,1.598,6.41,65.3,25.62,264
2026-03-01 19:34:21,1.75,6.42,65.3,25.32,254
2026-03-01 19:34:28,1.615,6.44,67.0,25.65,210
2026-03-01 19:34:35,1.731,6.47,66.7,25.75,189
2026-03-01 19:34:42,1.597,6.4,67.1,26.15,200
2026-03-01 19:34:49,1.608,6.41,65.7,25.72,236
2026-03-01 19:34:56,1.621,6.39,65.5,25.12,265
2026-03-01 19:35:03,1.814,6.46,66.3,25.69,264
2026-03-01 19:35:10,1.647,6.43,66.5,26.41,253
2026-03-01 19:35:17,1.534,6.45,68.4,25.95,203
2026-03-01 19:35:24,1.648,6.49,68.9,25.55,227
2026-03-01 19:35:31,1.552,6.45,67.8,25.91,213
2026-03-01 19:35:38,1.54,6.48,69.9,25.59,216
2026-03-01 19:35:45,1.635,6.47,70.0,25.46,292
2026-03-01 19:35:52,1.571,6.5,68.9,25.73,157
2026-03-01 19:35:59,1.585,6.5,67.8,25.85,209
2026-03-01 19:36:06,1.564,6.46,70.9,25.38,258
2026-03-01 19:36:13,1.585,6.48,69.1,25.58,163
2026-03-01 19:36:20,1.589,6.52,69.5,25.89,190
2026-03-01 19:36:27,1.422,6.5,69.1,25.81,193
2026-03-01 19:36:34,1.602,6.45,68.6,26.03,202
2026-03-01 19:36:41,1.485,6.52,68.1,25.65,153
2026-03-01 19:36:48,1.452,6.47,70.7,26.16,229
2026-03-01 19:36:55,1.547,6.55,69.2,25.71,230
2026-03-01 19:37:02,1.556,6.54,73.9,26.44,223
2026-03-01 19:37:09,1.501,6.52,69.0,25.63,174
2026-03-01 19:37:16,1.607,6.52,68.9,25.81,207
2026-03-01 19:37:23,1.454,6.51,71.1,26.22,172
2026-03-01 19:37:30,1.519,6.54,72.4,26.56,191
2026-03-01 19:37:37,1.506,6.51,70.7,26.25,277
2026-03-01 19:37:44,1.544,6.53,71.4,26.35,205
2026-03-01 19:37:51,1.567,6.55,68.5,26.24,159
2026-03-01 19:37:58,1.477,6.51,70.0,26.01,207
2026-03-01 19:38:05,1.599,6.51,69.5,26.18,153
2026-03-01 19:38:12,1.553,6.5,68.5,26.03,158
2026-03-01 19:38:19,1.417,6.5,70.9,26.05,164
2026-03-01 19:38:26,1.413,6.48,68.1,26.5,184
2026-03-01 19:38:33,1.55,6.56,69.2,26.16,233
2026-03-01 19:38:40,1.536,6.6,70.1,26.56,220
2026-03-01 19:38:47,1.546,6.59,69.7,26.19,219
2026-03-01 19:38:54,1.552,6.5,71.1,26.62,162
2026-03-01 19:39:01,1.571,6.57,70.9,26.47,182
2026-03-01 19:39:08,1.623,6.59,71.5,26.98,211
2026-03-01 19:39:15,1.481,6.54,71.3,26.75,180
2026-03-01 19:39:22,1.478,6.56,71.7,27.01,193
2026-03-01 19:39:29,1.486,6.5,70.2,26.56,219
2026-03-01 19:39:36,1.584,6.57,70.4,26.8,192
2026-03-01 19:39:43,1.653,6.53,70.6,26.58,213
2026-03-01 19:39:50,1.538,6.57,70.0,26.76,261
2026-03-01 19:39:57,1.395,6.52,69.2,26.84,201
2026-03-01 19:40:04,1.453,6.58,69.1,26.77,249
2026-03-01 19:40:11,1.517,6.6,68.4,26.69,228
2026-03-01 19:40:18,1.538,6.54,69.7,26.68,159
2026-03-01 19:40:25,1.551,6.54,68.9,26.49,173
2026-03-01 19:40:32,1.585,6.51,68.1,26.85,184
2026-03-01 19:40:39,1.563,6.56,67.9,27.32,184
2026-03-01 19:40:46,1.66,6.56,67.1,26.8,213
2026-03-01 19:40:53,1.542,6.53,69.5,26.9,239
2026-03-01 19:41:00,1.532,6.59,68.3,27.73,263
2026-03-01 19:41:07,1.628,6.56,66.9,27.17,232
2026-03-01 19:41:14,1.49,6.55,68.8,27.45,207
2026-03-01 19:41:21,1.627,6.56,66.9,27.57,152
2026-03-01 19:41:28,1.61,6.61,65.7,27.62,229
2026-03-01 19:41:35,1.595,6.6,68.5,27.12,229
2026-03-01 19:41:42,1.719,6.58,66.4,27.48,237
2026-03-01 19:41:49,1.567,6.6,66.4,27.18,307
2026-03-01 19:41:56,1.757,6.55,66.7,28.24,279
2026-03-01 19:42:03,1.6,6.59,67.9,27.27,265
2026-03-01 19:42:10,1.529,6.59,66.3,27.45,206
2026-03-01 19:42:17,1.625,6.57,64.7,27.49,224
2026-03-01 19:42:24,1.547,6.6,66.6,27.42,242
2026-03-01 19:42:31,1.573,6.56,65.2,28.17,220
2026-03-01 19:42:38,1.655,6.6,67.9,28.48,268
2026-03-01 19:42:45,1.669,6.61,65.5,27.79,266
2026-03-01 19:42:52,1.588,6.5,62.6,27.62,218
2026-03-01 19:42:59,1.703,6.63,65.6,27.43,301
2026-03-01 19:43:06,1.717,6.5,67.4,27.96,265
2026-03-01 19:43:13,1.738,6.57,66.8,27.98,204
2026-03-01 19:43:20,1.677,6.62,67.0,27.94,266
2026-03-01 19:43:27,1.737,6.58,63.4,28.19,281
2026-03-01 19:43:34,1.511,6.55,65.6,28.27,309
2026-03-01 19:43:41,1.622,6.56,63.6,28.29,266
2026-03-01 19:43:48,1.585,6.62,64.6,28.16,310
2026-03-01 19:43:55,1.655,6.53,62.8,28.0,291
2026-03-01 19:44:02,1.608,6.62,63.4,28.47,242
2026-03-01 19:44:09,1.638,6.59,63.3,28.34,242
2026-03-01 19:44:16,1.782,6.55,65.2,28.59,335
2026-03-01 19:44:23,1.639,6.57,65.0,28.6,341
2026-03-01 19:44:30,1.681,6.56,64.4,28.07,314
2026-03-01 19:44:37,1.636,6.61,62.4,28.1,359
2026-03-01 19:44:44,1.658,6.61,63.6,28.3,348
2026-03-01 19:44:51,1.653,6.54,63.1,28.25,339
2026-03-01 19:44:58,1.684,6.58,65.0,28.73,287
2026-03-01 19:45:05,1.734,6.56,65.4,28.65,383
2026-03-01 19:45:12,1.768,6.63,65.3,28.86,346
2026-03-01 19:45:19,1.674,6.55,63.2,28.71,318
2026-03-01 19:45:26,1.693,6.63,60.8,28.69,312
2026-03-01 19:45:33,1.57,6.58,62.1,28.96,349
2026-03-01 19:45:40,1.644,6.55,66.0,28.8,286
2026-03-01 19:45:47,1.714,6.56,63.9,28.71,373
2026-03-01 19:45:54,1.708,6.56,63.5,29.09,320
2026-03-01 19:46:01,1.661,6.54,66.5,28.76,371
2026-03-01 19:46:08,1.707,6.58,66.2,28.67,344
2026-03-01 19:46:15,1.677,6.54,64.8,28.56,358
2026-03-01 19:46:22,1.725,6.51,64.5,28.95,345
2026-03-01 19:46:29,1.659,6.57,64.9,29.1,371
2026-03-01 19:46:36,1.612,6.52,65.4,28.79,447
2026-03-01 19:46:43,1.658,6.55,67.2,29.14,435
2026-03-01 19:46:50,1.426,6.55,66.0,28.33,403
2026-03-01 19:46:57,1.656,6.55,66.5,28.82,395
2026-03-01 19:47:04,1.37,6.63,67.2,28.83,431
2026-03-01 19:47:11,1.502,6.57,64.6,28.67,446
2026-03-01 19:47:18,1.651,6.58,67.0,29.45,382
2026-03-01 19:47:25,1.649,6.52,66.0,28.84,414
2026-03-01 19:47:32,1.531,6.55,63.5,28.76,358
2026-03-01 19:47:39,1.559,6.57,64.1,28.87,466
2026-03-01 19:47:46,1.701,6.54,65.7,28.36,504
2026-03-01 19:47:53,1.567,6.59,67.7,28.67,440
2026-03-01 19:48:00,1.754,6.53,67.4,29.11,368
2026-03-01 19:48:07,1.592,6.55,67.7,28.7,469
2026-03-01 19:48:14,1.616,6.54,70.0,28.65,422
2026-03-01 19:48:21,1.696,6.57,66.3,29.18,436
2026-03-01 19:48:28,1.587,6.54,68.0,29.18,487
2026-03-01 19:48:35,1.503,6.55,68.6,28.97,479
2026-03-01 19:48:42,1.56,6.55,67.6,28.72,459
2026-03-01 19:48:49,1.56,6.53,68.7,28.77,459
2026-03-01 19:48:56,1.462,6.57,66.9,28.61,492
2026-03-01 19:49:03,1.534,6.56,70.7,28.56,478
2026-03-01 19:49:10,1.495,6.55,68.4,28.53,460
2026-03-01 19:49:17,1.606,6.54,71.8,28.63,493
2026-03-01 19:49:24,1.537,6.57,69.5,28.51,522
2026-03-01 19:49:31,1.509,6.54,70.9,28.36,510
2026-03-01 19:49:38,1.516,6.54,69.8,28.79,472
2026-03-01 19:49:45,1.533,6.55,70.0,28.78,562
2026-03-01 19:49:52,1.554,6.6,69.5,29.13,438
2026-03-01 19:49:59,1.435,6.51,70.4,28.52,524
2026-03-01 19:50:06,1.425,6.57,70.8,28.74,524
2026-03-01 19:50:13,1.569,6.49,69.6,28.73,557
2026-03-01 19:50:20,1.456,6.55,70.5,28.57,577
2026-03-01 19:50:27,1.38,6.59,70.0,28.79,603
2026-03-01 19:50:34,1.503,6.56,73.6,28.78,545
2026-03-01 19:50:41,1.498,6.54,70.9,28.65,596
2026-03-01 19:50:48,1.352,6.52,72.9,28.48,589
2026-03-01 19:50:55,1.468,6.54,70.9,28.43,528
2026-03-01 19:51:02,1.497,6.53,71.5,28.15,661
2026-03-01 19:51:09,1.465,6.51,69.6,28.26,550
2026-03-01 19:51:16,1.476,6.53,70.7,28.28,621
2026-03-01 19:51:23,1.327,6.54,71.5,28.13,626
2026-03-01 19:51:30,1.441,6.51,73.2,28.5,628
2026-03-01 19:51:37,1.39,6.51,71.5,28.66,608
2026-03-01 19:51:44,1.371,6.49,72.9,28.1,660
2026-03-01 19:51:51,1.459,6.54,72.0,28.37,583
2026-03-01 19:51:58,1.495,6.55,73.2,28.02,641
2026-03-01 19:52:05,1.51,6.54,71.1,28.17,630
2026-03-01 19:52:12,1.47,6.56,74.0,28.04,632
2026-03-01 19:52:19,1.363,6.53,70.5,28.34,677
2026-03-01 19:52:26,1.389,6.54,70.0,27.99,706
2026-03-01 19:52:33,1.411,6.54,69.4,28.38,663
2026-03-01 19:52:40,1.36,6.53,73.6,28.03,708
2026-03-01 19:52:47,1.354,6.51,71.6,27.9,689
2026-03-01 19:52:54,1.396,6.59,70.1,27.72,662
